da5c25f5c7e3399070301236aed6d877eeedc417,DELETE,regular-file,backend/public/images/profilePic.jpeg,136261,
741f7738f3c3b87d49e218c764a5abc70d132306,DELETE,regular-file,backend/uploads/1736163159045-WhatsApp Video 2024-09-13 at 05.42.13_7e02710f.mp4,131,
bf9e57ca8556d69eca585bff1b153b53373fff08,DELETE,regular-file,backend/uploads/1736163268276-WhatsApp Video 2024-09-13 at 05.42.13_156403f5.mp4,132,
82bdcdfa7ac3c6f36ab6753f31debed1c890758a,DELETE,regular-file,backend/uploads/1736163351517-WhatsApp Image 2024-09-06 at 22.21.29_706ba6c9.jpg,108305,
32cde58fc207da2f86e738bd040f35507bfec073,DELETE,regular-file,backend/uploads/1736166799862-WhatsApp Image 2024-09-12 at 04.14.50_f2fbb530.jpg,171073,
985b554106f68b5a6e41e3714017415dab373045,DELETE,regular-file,backend/uploads/1736166809566-WhatsApp Image 2024-09-06 at 22.21.30_da78ab3e.jpg,125034,
e4eff67a90de79e4172f822d74915c664ada5559,DELETE,regular-file,backend/uploads/1736169260158-WhatsApp Image 2024-09-06 at 22.21.33_7421c609.jpg,77134,
82bdcdfa7ac3c6f36ab6753f31debed1c890758a,DELETE,regular-file,backend/uploads/1736169308273-WhatsApp Image 2024-09-06 at 22.21.29_706ba6c9.jpg,108305,
4cbfd331a18f40a3d73e3bbe9cf80e210e337b5f,DELETE,regular-file,backend/uploads/1736169788297-WhatsApp Image 2024-09-06 at 22.21.33_947fe1d4.jpg,77959,
d146c510b2904d69159ba5f5f8ff2e06d2d03eda,DELETE,regular-file,backend/uploads/1736169825613-WhatsApp Image 2024-09-06 at 22.21.32_fb047370.jpg,72469,
d146c510b2904d69159ba5f5f8ff2e06d2d03eda,DELETE,regular-file,backend/uploads/1736169945991-WhatsApp Image 2024-09-06 at 22.21.32_fb047370.jpg,72469,
985b554106f68b5a6e41e3714017415dab373045,DELETE,regular-file,backend/uploads/1736169980099-WhatsApp Image 2024-09-06 at 22.21.30_da78ab3e.jpg,125034,
59e08389e82bd7d93c4566750bb04729e7434c8a,DELETE,regular-file,backend/uploads/1736205655035-WhatsApp Video 2024-09-13 at 05.42.14_98a5c1c2.mp4,132,
96106c5fe52e238fbdb1d46091de35e13b20b739,DELETE,regular-file,backend/uploads/1736207358668-Screenshot 2024-12-16 191554.png,53278,
d9492e4fbfdb83aa876e4aecfa36e5998cbe103c,DELETE,regular-file,backend/uploads/1736811108069-Screenshot 2025-01-12 222258.png,99681,
32cde58fc207da2f86e738bd040f35507bfec073,DELETE,regular-file,backend/uploads/1736907676833-WhatsApp Image 2024-09-12 at 04.14.50_f2fbb530.jpg,171073,
3d21e4272f1cf360fec498eecf8d98aa98097559,DELETE,regular-file,backend/uploads/1736907947453-WhatsApp Video 2024-09-13 at 05.40.20_afbbb759.mp4,132,
985b554106f68b5a6e41e3714017415dab373045,DELETE,regular-file,backend/uploads/1736908189015-WhatsApp Image 2024-09-06 at 22.21.30_da78ab3e.jpg,125034,
2532740ce9a0e4072a7fe92dd69c6666830b168c,DELETE,regular-file,backend/uploads/1736909728463-WhatsApp Video 2024-09-13 at 05.42.11_fafe34ba.mp4,132,
32cde58fc207da2f86e738bd040f35507bfec073,DELETE,regular-file,backend/uploads/1736913239012-WhatsApp Image 2024-09-12 at 04.14.50_f2fbb530.jpg,171073,
32cde58fc207da2f86e738bd040f35507bfec073,DELETE,regular-file,backend/uploads/1736929650714-WhatsApp Image 2024-09-12 at 04.14.50_f2fbb530.jpg,171073,
5d5d5d72f76bcf0b5b548052a0c1c0caaa367871,DELETE,regular-file,backend/uploads/1736929770033-WhatsApp Image 2024-10-20 at 13.42.26_4c632efa.jpg,64099,
985b554106f68b5a6e41e3714017415dab373045,DELETE,regular-file,backend/uploads/1736931100610-WhatsApp Image 2024-09-06 at 22.21.30_da78ab3e.jpg,125034,
18705d218a9eb5a6c1cabada7d90792a153d9602,DELETE,regular-file,backend/uploads/1736931482452-WhatsApp Image 2024-09-06 at 22.21.33_3750e63b.jpg,183775,
32cde58fc207da2f86e738bd040f35507bfec073,DELETE,regular-file,backend/uploads/1736932132586-WhatsApp Image 2024-09-12 at 04.14.50_f2fbb530.jpg,171073,
f1660b54b25fbaca4ce5af28aa9598f4033d7a46,DELETE,regular-file,backend/uploads/1736932775131-Screenshot 2024-11-11 174045.png,178668,
92245bbde55ceef6f738076b927930eecfdfec20,DELETE,regular-file,backend/uploads/1736937056653-WhatsApp Image 2024-09-06 at 22.21.30_474d07c8.jpg,165892,
41050c77d18b8ccb083462d88db087ed2779f8c4,DELETE,regular-file,backend/uploads/1736937104899-WhatsApp Image 2024-09-06 at 22.21.31_d4a477fd.jpg,113224,
41050c77d18b8ccb083462d88db087ed2779f8c4,DELETE,regular-file,backend/uploads/1736937164158-WhatsApp Image 2024-09-06 at 22.21.31_d4a477fd.jpg,113224,
82bdcdfa7ac3c6f36ab6753f31debed1c890758a,DELETE,regular-file,backend/uploads/1736993699515-WhatsApp Image 2024-09-06 at 22.21.29_706ba6c9 - Copy.jpg,108305,
985b554106f68b5a6e41e3714017415dab373045,DELETE,regular-file,backend/uploads/1736994756173-WhatsApp Image 2024-09-06 at 22.21.30_da78ab3e.jpg,125034,
cfdcf7b6908c5fcd94de72ffaf1dd150fafc0801,DELETE,regular-file,backend/uploads/1736994756176-WhatsApp Video 2024-09-13 at 05.41.01_92b946fe.mp4,133,
4cbfd331a18f40a3d73e3bbe9cf80e210e337b5f,DELETE,regular-file,backend/uploads/1736994816181-WhatsApp Image 2024-09-06 at 22.21.33_947fe1d4 - Copy.jpg,77959,
368208124b6f0cac0038ce937b3c3b1d620f81b4,DELETE,regular-file,backend/uploads/1736994816182-WhatsApp Video 2024-09-13 at 05.42.12_3056945b.mp4,132,
32cde58fc207da2f86e738bd040f35507bfec073,DELETE,regular-file,backend/uploads/1736994854592-WhatsApp Image 2024-09-12 at 04.14.50_f2fbb530.jpg,171073,
59e08389e82bd7d93c4566750bb04729e7434c8a,DELETE,regular-file,backend/uploads/1736994854595-WhatsApp Video 2024-09-13 at 05.42.14_98a5c1c2.mp4,132,
92245bbde55ceef6f738076b927930eecfdfec20,DELETE,regular-file,backend/uploads/1736994981766-WhatsApp Image 2024-09-06 at 22.21.30_474d07c8.jpg,165892,
985b554106f68b5a6e41e3714017415dab373045,DELETE,regular-file,backend/uploads/1736994981768-WhatsApp Image 2024-09-06 at 22.21.30_da78ab3e.jpg,125034,
46f417dc165542de67bb2e401dc6c3d920e83409,DELETE,regular-file,backend/uploads/1736994981769-WhatsApp Image 2024-09-06 at 22.21.31_9fe0d180 - Copy.jpg,63679,
915e263939849cedad6409813896d5cbbc47806f,DELETE,regular-file,backend/uploads/defaultProfilePic.png,1268,
974e87dc5f52aad51d6a36c1672b21b371c1f4c9,DELETE,regular-file,backend/uploads/groupProfile.jpeg,2151,
2f2f8bcad10c64f38a96775cb727c5921479d0ee,DELETE,regular-file,frontend/src/assets/InstaLogo.png,5372,
da5c25f5c7e3399070301236aed6d877eeedc417,DELETE,regular-file,frontend/src/assets/myPic.jpeg,136261,
da5c25f5c7e3399070301236aed6d877eeedc417,DELETE,regular-file,frontend/src/components/profilePic.jpeg,136261,
